ds,yhat,yhat_lower,yhat_upper
2009-12-01,32829.02739130395,20628.854100433768,46053.48270003076
2009-12-02,32146.460750169645,19233.016954261246,45031.3147608422
2009-12-03,35396.75330426836,22485.687656388873,49168.392108085514
2009-12-04,28719.62122658755,15811.7966706943,41155.6497808169
2009-12-05,5205.903745231377,-7950.942502120004,19141.82216426824
2009-12-06,22521.528711533967,8867.025434712954,35955.58850372001
2009-12-07,30977.255028769796,18127.699397566248,44450.828024225186
2009-12-08,29904.808227226138,17225.52258690386,43282.878227521775
2009-12-09,28305.377075746663,14829.203340303648,40433.97954083682
2009-12-10,30643.010169725123,17054.527606249547,43707.658843471625
2009-12-11,23077.454661186515,10691.280628179664,36168.31367287166
2009-12-13,15255.21643243575,2020.474799156113,27697.755446966756
2009-12-14,23013.592911388383,10708.231625192962,34993.5877000524
2009-12-15,21343.75910454224,7177.3318756348335,35315.4667146438
2009-12-16,19262.219184492053,5783.603467628409,31071.229528834105
2009-12-17,21245.981999029926,6629.925174700099,33709.41160766953
2009-12-18,13465.031023233345,79.61631791553418,26713.86705029141
2009-12-20,5653.016608628308,-7918.482404605647,19173.091889100364
2009-12-21,13641.534332825575,294.4989017510743,27748.379972380408
2009-12-22,12349.160607698464,-476.80105605431436,24198.47153425069
2009-12-23,10786.092328045306,-2190.3019603295634,22636.275136137836
2010-01-04,12359.054015408634,270.96974012557934,25509.33948695364
2010-01-05,12892.110170539872,-1423.2940393931956,26305.738713486026
2010-01-06,13058.267041682473,-467.09985810262833,26418.327275407228
2010-01-07,17290.629386165492,3768.0978239485767,29613.94881549069
2010-01-08,11715.51563087082,-2660.682150963203,25147.078311168923
2010-01-10,8019.573215594478,-4866.160469324241,20950.89124098879
2010-01-11,17841.27777273128,4515.665463802928,30913.089744583238
2010-01-12,18187.03193792758,5108.2467093163605,31528.440846566507
2010-01-13,18039.000918537593,4855.847489903666,31475.93712785081
2010-01-14,21842.009736593685,8041.588905152596,34436.54238350703
2010-01-15,15736.712613205991,1856.8632287908508,29298.001599061045
2010-01-17,10745.87173163759,-1716.5975892849644,23598.32996893496
2010-01-18,19840.738196222483,7602.105251579411,32453.666355667316
2010-01-19,19433.555249175675,6749.666111079286,32504.030431752883
2010-01-20,18526.987832780687,5883.252010926072,31812.47797638597
2010-01-21,21586.01824432933,7663.73701798949,34865.93977881532
2010-01-22,14770.592849050041,2437.960377734133,27718.788672720257
2010-01-24,8530.973263072301,-4310.179055506453,21970.957020024565
2010-01-25,17117.236233303418,4011.8449932801855,30738.143558256554
2010-01-26,16294.665470923888,2683.7426298834935,28376.262723452088
2010-01-27,15074.522041535995,2124.8437969170886,27912.233817225857
2010-01-28,17927.412212419255,5018.214555132142,31210.73686195348
2010-01-29,11015.841808999689,-1737.7901800845707,24310.17992491642
2010-01-31,4908.863967171543,-7401.950308459415,18215.478164279666
2010-02-01,13714.049220829354,331.20896589933426,26287.668827025525
2010-02-02,13201.059456236122,422.18775804717194,25692.217576247556
2010-02-03,12369.888681178207,-1026.8261067576616,25245.74775309294
2010-02-04,15677.93452003976,3037.869184843842,28262.835547394538
2010-02-05,9272.96102686854,-3668.4289192773554,22476.009542069252
2010-02-07,4269.573049428509,-8800.835782218704,17771.813027356893
2010-02-08,13638.728327792403,1296.2014317566336,26540.55570820959
2010-02-09,13676.060860647402,1135.0632622289304,27028.948339273888
2010-02-10,13366.126937673363,-55.558732854888866,26498.30753208354
2010-02-11,17152.115866178658,4084.5042328451086,29675.409235846215
2010-02-12,11169.19978074511,-1831.6202530253559,24135.05467193793
2010-02-14,6801.9285445116875,-6224.953712681826,19625.25178873023
2010-02-15,16370.7356700024,4466.774586301878,29072.460821414632
2010-02-16,16523.35388787335,2788.820828612915,30529.164245643417
2010-02-17,16240.533874305846,3074.7606167221466,28734.26288786492
2010-02-18,19970.21878006089,6993.562140416896,33598.57548358008
2010-02-19,13851.838104614224,466.77060130898377,27844.684112724215
2010-02-21,9004.538224876307,-3807.353498266607,21719.001176745132
2010-02-22,18247.878795188044,4890.312701868711,30166.82885833924
2010-02-23,18033.42456626232,4970.101138368444,31379.873361877915
2010-02-24,17357.850934384733,4276.072365387158,30720.12561575891
2010-02-25,20679.702023318467,7289.427584491308,34200.80730149733
2010-02-26,14152.216996429763,1003.9216599141723,27023.636939589098
2010-02-28,8536.70580596938,-4294.23464249842,22451.263020067072
2010-03-01,17445.90683859153,4169.497086265673,30570.8332819382
2010-03-02,16945.227866249166,4399.508153015863,30124.62376138783
2010-03-03,16040.275228707875,4002.959814270728,28993.14054276484
2010-03-04,19196.58485548125,5694.074323519348,32566.23198253134
2010-03-05,12572.250649832167,-139.03762666427565,26183.675116989398
2010-03-07,6977.1322933370475,-6181.186996353717,18818.803287342213
2010-03-08,16001.766247213805,2910.6692908819837,29308.69000071872
2010-03-09,15681.683541369328,2772.745191771191,28632.624108160435
2010-03-10,15016.090769630388,2566.868374561639,27876.141761577503
2010-03-11,18462.123457678816,4736.464044919275,31407.9844957455
2010-03-12,12168.090972499149,-97.02325083786612,25485.639538357456
2010-03-14,7309.537102555613,-4994.762955789866,20922.132476412822
2010-03-15,16715.544174176383,3589.3096344579544,29137.87478356025
2010-03-16,16768.407950233315,3247.3498959796893,30265.10187410524
2010-03-17,16454.64543626497,3787.8856859076977,28765.93329505484
2010-03-18,20219.430897413746,6889.761566043409,32619.623941615493
2010-03-19,14199.861627497281,674.2063276333586,26143.67558252997
2010-03-21,9719.90386592791,-2903.1106896256338,22232.78735935658
2010-03-22,19215.623960187764,5868.606276866823,32982.748220116424
2010-03-23,19285.51643193387,6348.507495898468,33531.97390316183
2010-03-24,18914.095657709877,5255.595525507916,31984.900374196324
2010-03-25,22546.7999268512,9274.5451107756,36206.070817804124
2010-03-26,16323.255239312122,3526.1962434575794,29190.059871764133
2010-03-28,11240.6199367468,-1706.8030691264864,23913.325274845836
2010-03-29,20353.071015392088,8589.83573103132,33672.20553757815
2010-03-30,19998.21950121335,6004.032044985839,33049.79445636758
2010-03-31,19172.15679254102,6863.193223089339,32926.31389022935
2010-04-01,22332.875593691206,9532.436911965278,35715.90371418676
2010-04-06,17624.828602349404,4342.798992989253,30841.574196808793
2010-04-07,16493.684040073367,2686.4383853138656,29286.012907554992
2010-04-08,19415.66037590384,5695.452774954006,33933.087743179545
2010-04-09,12550.66622359446,-13.896136264529858,25989.50421164226
2010-04-11,6464.546862337807,-6648.187261739089,19131.605693243535
2010-04-12,15244.433173702197,1961.8420235544866,28759.6919680997
2010-04-13,14684.37786516801,701.4231148093304,29156.551500772952
2010-04-14,13787.11270151538,1238.5635326031304,26476.31408431927
2010-04-15,17013.584366206036,4182.073369740965,30862.65877742209
2010-04-16,10515.764624551452,-2639.6424685003376,23258.69808579731
2010-04-18,5311.945834193426,-8148.391398880326,18295.216566162653
2010-04-19,14583.61433384351,2106.364989837674,27874.462229520897
2010-04-20,14531.99584863781,1244.6343154142066,26505.14922067588
2010-04-21,14146.385988887565,1036.8140624518746,27465.569778424822
2010-04-22,17874.258276675504,4280.283762941826,31589.27950633234
2010-04-23,11854.451764498606,-1283.8233338910045,24641.58253560884
2010-04-25,7487.840667130908,-4842.973369827182,20634.250796340708
2010-04-26,17097.31085812198,4408.2003716661075,30329.395508090252
2010-04-27,17317.90320079231,4608.941765048533,30576.02518894172
2010-04-28,17132.38312573847,3524.1175187907475,30524.122308892125
2010-04-29,20983.71573729795,7248.130183094403,34783.80336637624
2010-04-30,15008.36230532123,1954.133274062781,27577.47363846934
2010-05-02,10494.998461784864,-2833.441218120611,25780.774726117128
2010-05-04,19887.47243733646,6734.575995460395,33343.41856938903
2010-05-05,19390.117653312944,6187.163220651992,32561.97581472716
2010-05-06,22879.45217742351,9740.575080997925,36259.72286165178
2010-05-07,16502.45559536171,3771.114394085594,28991.276844135675
2010-05-09,11113.24659862652,-1200.0497413023672,24547.884461371712
2010-05-10,20087.638176971785,7837.633839790251,33233.362161946236
2010-05-11,19614.243615601423,5799.933200278926,32561.554223784588
2010-05-12,18695.301488110206,4768.664931644387,32213.860177614835
2010-05-13,21793.987947245307,8481.673963004409,35017.65501454013
2010-05-14,15067.13205528316,2359.9711677740565,27607.16509581665
2010-05-16,9132.996594935823,-3632.6756422667645,22242.364015737825
2010-05-17,17924.426459838658,5094.955303163216,30552.075236142195
2010-05-18,17332.773629296054,4436.988755820261,29979.351043546136
2010-05-19,16361.651630765919,3427.370536053333,30086.37548294226
2010-05-20,19473.66929498465,6474.776748741805,32376.570541254754
2010-05-21,12823.195430395392,283.30654883084844,25286.471295447274
2010-05-23,7212.347803776931,-5118.018120207344,20290.09360390205
2010-05-24,16237.487829984177,3740.0449416026804,29082.63236828064
2010-05-25,15916.647184122938,3263.583724097031,29440.609061777785
2010-05-26,15244.017291477718,3009.9000535185855,27758.981730108015
2010-05-27,18672.163144582857,5677.217872567377,30241.048008185466
2010-05-28,12345.098262278898,127.47444111151421,25037.125502589115
2010-05-30,7361.817902489947,-4953.659115161635,20666.243344597544
2010-06-01,16604.42144135857,4722.022145024012,30138.868992796928
2010-06-02,16146.904370590139,3170.0392114900956,28944.534523721923
2010-06-03,19745.578002299226,7170.503580391916,33252.486703151
2010-06-04,13539.863076771931,277.5767323373053,26291.263954802394
2010-06-06,8641.479959278042,-4477.608738781582,21822.492588286645
2010-06-07,17913.915277704804,4691.109872248192,31453.231797847504
2010-06-08,17758.194235047296,4147.817145862611,31908.876987007054
2010-06-09,17164.657253926573,3983.9440019168705,29964.674545327085
2010-06-10,20584.768502645864,7716.243735634725,34609.05008285229
2010-06-11,14164.175674949192,1445.985977232917,27308.96274730423
2010-06-13,8756.90184150694,-4177.927934297595,21752.40606454053
2010-06-14,17751.938279568727,3390.173597396411,29728.22586571603
2010-06-15,17315.19495094336,4524.6778975569705,29528.859490815685
2010-06-16,16445.809065946334,3022.43263157694,31086.95049236576
2010-06-17,19603.743479773988,6784.481180110404,32617.898411605747
2010-06-18,12942.587354508794,-171.1187714339029,26389.738907124884
2010-06-20,7146.609743170619,-6780.302992482869,20105.802683274036
2010-06-21,16004.612544964868,2530.696314539386,29041.58756840448
2010-06-22,15474.354203684357,1141.5189750414165,27971.679015996364
2010-06-23,14557.220298687978,1588.2685585592774,27775.80252607303
2010-06-24,17713.97406724205,5625.754923415632,30322.45483505099
2010-06-25,11097.559256570774,-1755.706127483671,23586.95386179123
2010-06-27,5519.354462598796,-7841.802436379966,17982.0883307252
2010-06-28,14542.522544187823,1304.196624929325,26946.631177134164
2010-06-29,14207.921667246232,482.8053642985939,27526.98414937501
2010-06-30,13510.61401353684,684.8305377952229,26582.945848054158
2010-07-01,16904.459582443407,4392.0812619921135,29584.120379072046
2010-07-02,10535.157644513049,-2408.4849180093897,22237.20329702089
2010-07-04,5452.036499532831,-6965.471804993804,18061.722530881612
2010-07-05,14709.189440018088,1698.5697146193431,27897.37688116205
2010-07-06,14591.082384307874,1795.5610204287557,28401.957430384482
2010-07-07,14087.400248008302,1031.5038898847627,27200.595249295624
2010-07-08,17647.604174600394,4310.710685601942,29677.508725894888
2010-07-09,11414.106503371164,-2163.149805258575,24588.567578690505
2010-07-11,6503.865253527901,-5491.589868192728,20034.467483440483
2010-07-12,15797.712188151027,2521.465758087003,29201.925680374963
2010-07-13,15684.952925197294,2850.8550359014075,28778.48479570329
2010-07-14,15158.092378347728,2549.659112208566,27468.644014876027
2010-07-15,18670.44193175301,5446.601591245841,32454.70948288914
2010-07-16,12369.13919069806,-1413.681618715361,25923.111013371243
2010-07-18,7285.572205816568,-6151.221899064475,19992.016218141034
2010-07-19,16485.93624634716,3554.9526165672364,29165.518503716394
2010-07-20,16283.354174130613,3079.476349340038,29932.78149858254
2010-07-21,15676.264889642098,2392.935315228688,29433.844238308924
2010-07-22,19123.457086744285,7178.5898564474965,32139.97392960966
2010-07-23,12776.871547524193,-36.099930337876515,25904.228151620337
2010-07-25,7677.0619642676975,-5048.894658572602,20929.11303385336
2010-07-26,16911.095424843974,3806.5257490438657,29468.644611671687
2010-07-27,16771.093176329603,4183.503014029965,29360.624365997006
2010-07-28,16254.6608609469,3873.476204910296,30277.244009050155
2010-07-29,19818.445635559554,6108.992212719378,32409.227021919112
2010-07-30,13610.982773140375,833.8611676199878,26342.226242758425
2010-08-01,8837.650324533239,-4577.605405610909,21494.736387268185
2010-08-02,18246.930644917345,4686.231125698821,31890.593803916385
2010-08-03,18280.871002150954,4468.224420638179,31725.746432206783
2010-08-04,17929.506166398827,4493.385572028677,31179.018663072762
2010-08-05,21641.74608567675,7825.54541246263,35035.04322568433
2010-08-06,15558.492838151331,1855.9888839342143,28569.27813628895
2010-08-08,10932.474957459766,-2765.167097679302,24729.291511721454
2010-08-09,20352.556658907924,8127.1725122863145,33725.79394613697
2010-08-10,20348.938235113135,7760.008541450409,34661.54714345322
2010-08-11,19908.444952296908,7476.274716189812,31755.218833934745
2010-08-12,23478.29266849685,10639.988303403808,35909.46354724657
2010-08-13,17199.329586384167,4369.186550872788,30231.270234443644
2010-08-15,12030.331392070153,-781.825628019273,25153.695889679882
2010-08-16,21111.662246128464,7378.64136687701,34034.345110945076
2010-08-17,20732.9015185042,7453.776333877436,34084.53569533479
2010-08-18,19889.109642828815,6806.692533016322,32613.422487093714
2010-08-19,23037.04231130764,10563.050930707255,35775.85866928404
2010-08-20,16328.159973744092,2565.082281776349,29518.598674381625
2010-08-22,10321.458708607417,-2519.3571704902306,23181.164579259927
2010-08-23,19018.993373331767,6133.139451644971,32644.728338991776
2010-08-24,18295.73714564384,5322.357417241651,31536.630080315055
2010-08-25,17158.133895411356,5123.973211158803,30184.949153019807
2010-08-26,20073.460011576706,7502.255880999632,33264.403508157484
2010-08-27,13202.50773495523,-418.06992824492966,25443.568583086348
2010-08-29,7112.889770540754,-5635.301042753554,20738.67286673283
2010-08-31,15356.39728486907,1975.7875300049582,29444.961107067655
2010-09-01,14488.898542298328,1585.6098467421002,27980.850765498446
2010-09-02,17761.92343051902,4005.416263732435,30645.065718670496
2010-09-03,11331.32142414957,-2274.0190847157237,24517.103514319046
2010-09-05,6339.520352187678,-6122.571317352274,18632.800371434132
2010-09-06,15763.38539913046,3576.1494035211936,28446.657379346383
2010-09-07,15899.122121371609,3604.7479515861473,29053.522792437037
2010-09-08,15738.658453251392,2546.1455154597584,29355.00933259141
2010-09-09,19731.422236126582,6629.7922511782235,32861.14257774345
2010-09-10,14017.409131817523,541.7224078319196,27013.224039607627
2010-09-12,10385.151957027632,-2482.853386876235,24259.56231189043
2010-09-13,20420.728889869486,8089.397297428795,32739.72321145522
2010-09-14,21103.353389329754,8731.898743638098,34204.50614798182
2010-09-15,21411.977785193165,8019.099313056356,33986.36892944097
2010-09-16,25784.765917419507,13080.585352248616,38977.01196716088
2010-09-17,20352.46442375908,7622.205514202882,33632.457383514135
2010-09-19,16963.225124067212,3608.4279672066195,29959.222073290373
2010-09-20,26953.6554607807,13818.29936990451,40171.38869520449
2010-09-21,27480.10500363054,14573.990975363711,40649.381846989476
2010-09-22,27524.886546606896,14754.871755179474,40309.85668515507
2010-09-23,31532.085860785886,17334.497271647997,42920.24800970336
2010-09-24,25640.784663514307,13141.187818024937,39015.61284725799
2010-09-26,21097.38258454616,8717.47860726394,33802.54453820813
2010-09-27,30419.18158482491,17589.83370338583,42909.69856122413
2010-09-28,30235.96259916777,17032.576269850968,43361.103357570195
2010-09-29,29546.184661599982,17782.536210847,43160.653121741634
2010-09-30,32810.49878615759,20416.46093210796,46948.52542736968
2010-10-01,26184.540434277747,13060.063596799471,38972.44628738947
2010-10-03,20260.108591159373,6403.7325477988825,33187.53082575092
2010-10-04,28964.809708716803,15154.222806986794,41760.29191027125
2010-10-05,28230.52842819604,14955.740371396956,40620.70436918994
2010-10-06,27066.239675408924,13889.536204032369,40582.519894341574
2010-10-07,29940.95500893712,16223.59614055012,43086.646652765245
2010-10-08,23016.32436834391,10600.46153067729,35762.87236253074
2010-10-10,16778.98047606839,4299.413114875343,30483.401940280044
2010-10-11,25468.97426457465,12007.609486029376,38359.938938504216
2010-10-12,24810.080950984528,12687.053660647342,37429.55857885542
2010-10-13,23805.101520970165,10582.539003652942,36530.652353964986
2010-10-14,26914.824707678767,14120.299615195137,40418.0432243166
2010-10-15,20290.901821851265,7900.077062234966,32709.770382822724
2010-10-17,14805.162640482578,2244.5318699216373,28056.61459409696
2010-10-18,23920.24457488001,10589.682510893606,36094.833172292536
2010-10-19,23701.310563638443,10447.581143776322,36830.24802074827
2010-10-20,23137.694622929066,9647.482632756612,35190.17254814332
2010-10-21,26677.21633428426,13592.837977861727,39075.05613822552
2010-10-22,20459.434380692976,6998.159602473676,32258.888516245504
2010-10-24,15673.061746350531,3476.8193093302975,28225.784024255263
2010-10-25,25064.481490244078,11939.22166511919,37685.46658230332
2010-10-26,25064.907080870777,11885.377859827628,37386.23986969734
2010-10-27,24660.229053107094,12158.672918180038,38177.187351200344
2010-10-28,28297.012256599035,15655.703997056291,41091.20924143686
2010-10-29,22115.747924436724,8214.806796007946,35317.93604714749
2010-10-31,17234.355846380222,4337.770729625486,29338.21609888595
2010-11-01,26506.076313220845,13477.33175045929,39156.00739989245
2010-11-02,26349.278860712213,13651.693769340425,38947.09378267381
2010-11-03,25759.406965585156,12321.93109416901,39135.27002976614
2010-11-04,29193.455315211573,15783.24854005444,41431.77208409686
2010-11-05,22802.85048772904,8287.767451961094,36074.92922891341
2010-11-07,17526.895337521728,4671.836794573534,30857.004382261457
2010-11-08,26634.285792994604,13649.138046275084,40480.36568156762
2010-11-09,26347.586224676845,12525.318011615782,39562.91010029172
2010-11-10,25669.9661534623,12647.43419868881,38478.342654302425
2010-11-11,29064.490781659973,16056.770524857373,42279.82698900822
2010-11-12,22686.75962818441,9445.769953742732,36534.511184115756
2010-11-14,17599.916122542152,5512.808685463632,31834.64410633973
2010-11-15,26881.088172328156,13511.070680960052,40115.3665099103
2010-11-16,26815.631391733416,13167.505666114872,39312.11096684729
2010-11-17,26400.017963263286,13613.204682257756,39349.27797858962
2010-11-18,30088.657040638365,17604.31663772529,42511.491219439245
2010-11-19,24026.765459191898,11155.635950732109,37318.961570695275
2010-11-21,19588.4137858544,6117.073781128262,33297.88181598179
2010-11-22,29175.71189327699,15641.711267729792,42658.587708915366
2010-11-23,29385.85443043463,16659.098915287967,43093.38234660204
2010-11-24,29201.54857653566,18211.645308110383,43086.2591533392
2010-11-25,33064.02167957883,19923.24810045131,46254.18367476828
2010-11-26,27106.325031111188,14121.119048325552,40208.10610033326
2010-11-28,22626.30953984917,8817.389644175935,34961.10667548854
2010-11-29,32052.039338064358,19343.522652068936,45131.64501243965
2010-11-30,32000.17134089315,18656.533156110494,45261.472152865535
2010-12-01,31451.6969386964,18852.722334348353,44091.721718121895
2010-12-02,34848.91360192579,21673.14960706731,47670.37994346014
2010-12-03,28328.796192514514,15983.557955173846,40398.221651007516
2010-12-05,22462.25053098661,9458.183353113163,35566.42311345848
2010-12-06,31085.466821564318,18517.882189005366,44509.62384432929
2010-12-07,30176.689471694033,17344.211748789414,42917.98149270241
2010-12-08,28733.321780018894,15783.82058640827,41611.95170977474
2010-12-09,31215.69459273367,17696.9247929424,44690.80007802037
2010-12-10,23780.002934419957,10952.191760212023,36053.610402594764
2010-12-12,16160.04915934964,3445.501656859003,28612.169269552316
2010-12-13,23985.39547539025,11269.516758846155,37047.74214074321
2010-12-14,22356.90682126047,9903.218642355509,35566.67781783243
2010-12-15,20289.642561438006,7530.837859498567,33973.3038716391
2010-12-16,22259.77325605405,9030.348290580581,35286.982760812745
2010-12-17,14437.079936687078,1120.4969817248432,26714.169655637557
2010-12-19,6459.680639072412,-6355.620048275812,19151.994313211333
2010-12-20,14327.362784809447,1592.8608901538755,27775.961665982366
2010-12-21,12891.599379444397,336.2876626740287,26195.882664568988
2010-12-22,11165.424659716813,-2144.6200270594345,23379.07338556338
2010-12-23,13619.54861392513,228.87268835107628,25633.170237359216
2011-01-04,11098.538595975539,-1957.8948784389502,23800.74646928802
2011-01-05,11216.173341405247,-1927.7167137200781,24680.452657325543
2011-01-06,15426.901645719403,2721.5449754491874,28668.235640183666
2011-01-07,9856.702848935645,-3275.8650441027416,22413.99844289543
2011-01-09,6245.708784342723,-6903.5616474847775,20618.6662857327
2011-01-10,16143.707315073094,4005.5523780490607,28980.325470673783
2011-01-11,16584.93484439797,2948.0526753197405,28694.64635780809
2011-01-12,16548.480841703105,4523.005474647909,30399.259935820195
2011-01-13,20475.754051657914,7633.873962848422,33470.62415780563
2011-01-14,14503.744932678823,1854.132285169618,27427.629113367668
2011-01-16,9791.253678331585,-3155.7782286459087,22503.504887928248
2011-01-17,19023.51610780028,6043.321299060762,31065.266530905697
2011-01-18,18747.62257567123,6077.689495474232,31225.41925971193
2011-01-19,17962.83299040034,5246.111679548811,30850.908843073736
2011-01-20,21131.057634754292,8640.659538710717,33903.724007680044
2011-01-21,14409.579711979073,2101.5737516796976,27640.973580878166
2011-01-23,8303.875397158434,-4163.981514516131,21023.834301716044
2011-01-24,16927.32846601153,4503.21470212499,29365.63340427171
2011-01-25,16121.202181513101,3001.8607464752936,29018.90553135134
2011-01-26,14896.803845035065,2695.0154404942587,27535.090885287333
2011-01-27,17725.35590571639,5324.272281804,30677.92132570905
2011-01-28,10770.520247566754,-1918.0923839449629,23635.266303518554
2011-01-30,4527.284838965083,-8158.497831157062,17840.586482776966
2011-01-31,13244.041044260684,-156.0376163073855,27365.909626779496
2011-02-01,12632.677582768916,-866.7940268756863,24786.544088327453
2011-02-02,11696.1678641728,-893.2775614764449,24440.01190193391
2011-02-03,14895.013737034187,1345.7124304926858,28058.08071568239
2011-02-04,8380.117548333736,-5243.095642373784,21163.428057103636
2011-02-06,3166.90067708475,-9829.864962875552,16683.907655054427
2011-02-07,12441.974190603032,101.43906715188427,25107.331128512353
2011-02-08,12395.649609395377,190.84174803812627,25991.789783585344
2011-02-09,12014.533046356235,-1546.5349406071437,25189.360344869103
2011-02-10,15743.446931056296,2857.815425901401,28353.659632521892
2011-02-11,9718.739827453861,-3835.457277346156,23161.187127190467
2011-02-13,5316.0186239866,-7225.236078100457,18650.8938859753
2011-02-14,14891.073598360937,1833.1787975874965,27960.82908188662
2011-02-15,15065.057616916225,1056.238326012102,28575.96629043786
2011-02-16,14820.497371861104,1837.9699259077904,27203.34909075645
2011-02-17,18600.741502928307,5497.25044140039,31340.27173715648
2011-02-18,12543.26615428941,-1061.8951154832816,26111.454088820854
2011-02-20,7839.673838970505,-5983.598804187559,20641.0990423055
2011-02-21,17160.803118627005,4470.583847548683,30386.77330531396
2011-02-22,17024.614145779,3555.3678988640604,30272.929763001164
2011-02-23,16425.189922440524,3777.3002331393654,30222.32512668179
2011-02-24,19818.591488415266,6732.948377462198,34305.8369911251
2011-02-25,13355.759119530558,764.5380372458693,26532.128141769335
2011-02-27,7840.988364845041,-5056.152093473689,20187.060062418095
2011-02-28,16783.174356538115,4826.200919459515,30866.20112195762
2011-03-01,16303.976369167702,2894.5780883989237,28945.73882577998
2011-03-02,15406.951298685062,3072.083951837804,28036.77562369308
2011-03-03,18557.537692086684,5989.822123818016,31056.07272228523
2011-03-04,11914.17346126962,-153.6157646303038,25107.224575823002
2011-03-06,6244.562779981604,-6184.204916480427,20236.66196857019
2011-03-07,15216.442899793685,2181.368539300301,28756.369940335127
2011-03-08,14835.628655992345,776.2984782839852,28217.599372122517
2011-03-09,14103.430331878924,1307.8834484324188,27343.860308531675
2011-03-10,17479.392828427073,5186.46004943555,29622.83647650226
2011-03-11,11114.1185905811,-1480.5149026598347,23864.060144038343
2011-03-13,6119.3444549246615,-6691.221941383726,18968.891911112543
2011-03-14,15465.105267529134,2127.534335875612,27760.516945429586
2011-03-15,15465.870326202727,2035.1244364521908,28484.258593480103
2011-03-16,15110.047050585128,2575.250493832832,29025.60475310365
2011-03-17,18844.39847117864,6310.988077036397,32293.760557561203
2011-03-18,12807.260261983032,426.6922716877629,26100.658941191243
2011-03-20,8333.744420050738,-3747.12113586889,21043.355253237907
2011-03-21,17853.916257206452,4263.757155394259,30172.962318184913
2011-03-22,17961.992196522882,4709.82874801909,31048.658437852613
2011-03-23,17641.64405722799,5094.42311601151,30834.78195473308
2011-03-24,21337.468225599732,8543.131380750883,34288.049585469016
2011-03-25,15187.100272391179,1867.7709545993898,28665.785081929156
2011-03-27,10273.102013536694,-3162.1533039357746,22521.886384299993
2011-03-28,19476.491677291575,6231.074319654979,31492.079399863393
2011-03-29,19213.724068988948,5798.117009915223,32713.681499283077
2011-03-30,18478.356186839977,5767.504512867075,31286.986194282945
2011-03-31,21725.868038774483,8998.814635527406,34275.475650364104
2011-04-01,15106.633628423391,1676.914340536449,27904.65325026291
2011-04-03,9245.758234306904,-3774.087884863359,23070.526295004725
2011-04-04,17997.81784609868,5770.568553735139,31958.091910658706
2011-04-05,17315.74980469289,3924.0351968333894,29672.710871337258
2011-04-06,16205.138639529043,3537.848210816569,28844.542366289785
2011-04-07,19132.314876215598,5556.366274544484,33234.82661118055
2011-04-08,12257.010753632821,-31.75273256043399,25459.789003999387
2011-04-10,6105.187090721898,-7051.560426768335,18459.00558751835
2011-04-11,14831.44251396079,2575.692798135282,27821.512707388094
2011-04-12,14205.722463134007,556.6805702788326,27429.610222597465
2011-04-13,13232.5474814073,2061.2864468466355,25803.985189349703
2011-04-14,16374.933290289691,2764.202262599584,28892.63421445436
2011-04-15,9787.16167405146,-3427.763518354232,23394.261483221926
2011-04-17,4395.653704864053,-7983.912634684094,18401.078677198
2011-04-18,13574.666212390326,329.9974411252997,27041.597250048275
2011-04-19,13434.525521649724,651.2775516615,25896.82449838416
2011-04-20,12966.893320236082,185.45556952307024,26048.729692550824
2011-04-21,16621.41774576665,4161.693545547385,29016.548663638296
2011-04-26,15884.310392725216,3317.3310667676883,29775.834883708732
2011-04-27,15705.974664838874,2970.1741431670102,27933.689984159686
2011-04-28,19579.12310134645,6000.420354781684,32237.510592689712
2011-05-01,9234.56474827231,-4499.394210282283,22610.974605351254
2011-05-03,18773.824748143797,5018.583786447841,32367.580795333193
2011-05-04,18359.232869983975,6174.613285746981,31385.846102825995
2011-05-05,21934.591999465203,8938.66981128743,34371.73612338221
2011-05-06,15644.560665196983,1601.4870250056008,28827.81436106681
2011-05-08,10422.955636585339,-1625.7408838309468,24163.904299131333
2011-05-09,19473.673270517982,7174.548424741725,32983.03093968396
2011-05-10,19069.040232798015,6830.696288729985,32267.078790841293
2011-05-11,18209.66052452171,4536.930189377302,31603.969138265027
2011-05-12,21357.369854898338,7941.444448736237,34854.72405139766
2011-05-13,14667.98706968785,1979.9580413999765,28001.596042290872
2011-05-15,8771.868667576347,-4555.990904908742,22578.75398674225
2011-05-16,17563.622569914038,4300.611731467492,30830.32944712309
2011-05-17,16960.296492620884,4281.128150894007,30089.580822201566
2011-05-18,15966.279608773275,3721.759395594072,29893.819925742835
2011-05-19,19045.269194320284,5188.012110546991,31437.932129884583
2011-05-20,12352.997921708002,-674.1304385489814,25544.393134259844
2011-05-22,6638.803817886942,-6567.78951665411,19323.641084988292
2011-05-23,15606.065185073108,1763.6405326067393,28664.522134647985
2011-05-24,15225.802907967804,2124.537558297835,28505.262819140997
2011-05-25,14494.175083348951,2469.1529461018176,27443.256072083394
2011-05-26,17865.659343302155,5044.140913558353,29920.474484317543
2011-05-27,11486.071260833238,-1717.6371137384313,24297.488613596302
2011-05-29,6416.506222932585,-6515.319902644326,18866.571313466822
2011-05-31,15606.090971102973,2956.458806777878,29028.330889169436
2011-06-01,15136.58823567207,2744.975252805868,27646.26963258259
2011-06-02,18733.435734672465,5270.471206573978,30932.273089365604
2011-06-03,12536.01293403096,-745.227246453794,25704.11416582237
2011-06-05,7682.853251164715,-4868.807556702166,19959.46575886997
2011-06-06,16990.643892898595,3606.472372892742,30239.558844554304
2011-06-07,16877.302261720175,3733.6397170828113,29607.448008462943
2011-06-08,16331.805559179997,2622.104565856227,28903.37406497935
2011-06-09,19804.100440021153,7459.402067681793,31732.843301957884
2011-06-10,13438.21222618061,384.9256880597279,26863.564014473777
2011-06-12,8141.209302037182,-4061.5518492246965,21425.896558246543
2011-06-13,17188.51314547589,4542.981950966904,30079.89632570826
2011-06-14,16800.062064539965,3684.8452172084408,29543.487372282518
2011-06-15,15973.618511150718,3902.0160307570004,29259.784196566023
2011-06-16,19167.95819241193,6117.7263435267605,30832.715495427936
2011-06-17,12535.704600769575,624.2501728507297,27111.51449351745
2011-06-19,6772.418572105604,-4656.0577388528,20205.220293790306
2011-06-20,15633.582146828525,2596.8530465337826,28457.21570528889
2011-06-21,15097.73518781798,2753.88132814007,28460.205748425768
2011-06-22,14166.630242689118,804.9887216829791,27128.575926793477
2011-06-23,17301.64823446241,3577.455099726836,29905.201036803755
2011-06-24,10656.576662398587,-3082.190618256016,24134.855650050333
2011-06-26,5004.605197207009,-7270.688747219913,18459.871882839016
2011-06-27,13985.168638889641,2134.029215509898,27904.53088435694
2011-06-28,13605.965345863171,695.4332806302434,26717.208690377072
2011-06-29,12863.459944066344,-368.4647181149185,25112.123657999797
2011-06-30,16212.890507294822,3635.997602148809,29926.98666656671
2011-07-01,9801.264374135959,-3544.920713231833,22003.12787527071
2011-07-03,4644.39730557539,-8996.895024895799,17235.294571061066
2011-07-04,13872.032610040376,1129.443654018222,26867.533483477993
2011-07-05,13730.247696829176,571.2618832441387,26410.423280745905
2011-07-06,13209.147756774557,705.170907652665,26178.771198859722
2011-07-07,16758.37409427481,4578.858969170604,30008.276891833906
2011-07-08,10520.276619905893,-2771.5123307675126,24078.30114660749
2011-07-10,5618.550517608619,-7588.502959115613,18761.878860675464
2011-07-11,14924.2688702148,1925.6493431059996,28423.86131324627
2011-07-12,14827.322487394002,1562.462018431228,27407.267037077665
2011-07-13,14319.18567988114,869.1188253123471,27150.850177958077
2011-07-14,17852.042053766847,5208.240131962856,29799.8261243036
2011-07-15,11571.847423478832,-723.3898295141843,24714.240341807494
2011-07-17,6527.574959940732,-6089.483996604877,19953.19848898593
2011-07-18,15743.899447276446,2667.545594975505,28186.354859885803
2011-07-19,15553.513883950976,3266.4550883085126,28254.937302715163
2011-07-20,14954.070115276612,1689.19714761703,28061.920281481445
2011-07-21,18403.764059756773,5574.949896249908,32138.4078532715
2011-07-22,12054.164082231293,-484.47887690775985,25539.31768658495
2011-07-24,6931.493132644746,-6556.167851249504,20104.679893054486
2011-07-25,16146.163173791523,2808.570043019864,29539.456372576376
2011-07-26,15982.243021196195,3001.7052424334406,28211.44763206478
2011-07-27,15438.178198136762,3038.5349465883673,29014.575392609593
2011-07-28,18971.65989005752,5897.147825359372,30891.89944230489
2011-07-29,12732.439672644463,-579.6587863153203,24971.23139191267
2011-07-31,7896.718842154875,-4341.981425007796,21159.418540116727
2011-08-01,17278.287715092167,3809.2571158302717,29770.059586832216
2011-08-02,17288.801796727228,3864.474110799408,30503.254920296706
2011-08-03,16919.703128064975,4246.997792343491,31213.559509686987
2011-08-04,20621.194497562225,6936.454917767933,33476.01889259955
2011-08-05,14535.306878667274,2140.8604421596633,28057.054719314197
2011-08-07,9931.790449281643,-3567.1252560291105,24639.705567284054
2011-08-08,19378.064245580674,6944.0029808639665,31659.85671087839
2011-08-09,19410.80613188839,6459.4744406002155,32422.52799172665
2011-08-10,19016.595423426785,5816.129856501945,31302.321573507517
2011-08-11,22642.071265486975,8643.955415372226,34585.764765932516
2011-08-12,16427.178197356996,3390.3380338609836,29746.248333751828
2011-08-14,11406.491172977017,-1234.037845679206,24276.744044239575
2011-08-15,20568.7983358052,7904.915522210846,33030.3128521668
2011-08-16,20273.00261372049,6994.714114593843,33239.600130391904
2011-08-17,19512.03085661693,6945.201243921889,33100.53378718744
2011-08-18,22740.40014426766,10157.326532372279,36271.62769333157
2011-08-19,16107.2887705514,2114.8041268460934,28229.463270563057
2011-08-21,10229.174560303985,-2368.6057265688128,22325.164326278486
2011-08-22,18975.32820698351,6403.896239059793,32325.49538846014
2011-08-23,18287.75846761865,5491.146860775358,31757.686561052556
2011-08-24,17171.37257371431,5014.135798942306,30415.4408577071
2011-08-25,20092.23371138693,7007.9223884904795,33438.84001618175
2011-08-26,13210.287916006508,311.3647777166597,26363.571113591617
2011-08-28,7047.742185928035,-6248.588638742,19378.420692352352
2011-08-30,15152.45328310872,1985.8219284933164,27402.505043538164
2011-08-31,14193.253907797078,772.6848797183364,26892.352305727112
2011-09-01,17361.81907369529,4340.089750554394,31196.874005679845
2011-09-02,10816.047258146295,-2080.3787058057483,23930.629959264603
2011-09-04,5571.519511660935,-7070.391258116053,19167.914069130755
2011-09-05,14863.297878276699,1589.012107648967,27541.968322877587
2011-09-06,14867.044210249003,1268.0546294316853,27086.69291958452
2011-09-07,14577.709205248731,2080.5925954272752,27322.813488886564
2011-09-08,18447.722248856313,4373.511973059118,31873.192026071814
2011-09-09,12619.981548308926,-218.4832696774568,25139.472173389433
2011-09-11,8798.00139486028,-4186.289088701426,21259.96043576054
2011-09-12,18762.23000017348,6114.734799882731,31958.796282362357
2011-09-13,19391.698655231885,6094.684542692868,32646.8884880479
2011-09-14,19666.73346329539,6703.972789177239,33292.0899550752
2011-09-15,24026.412902687676,11557.783288157236,36857.272446846866
2011-09-16,18601.913016490224,4841.209170384751,31801.665887071704
2011-09-18,15290.232869560274,2139.6679456782285,28050.41840056488
2011-09-19,25348.800232996375,12414.15520288346,37822.776968968195
2011-09-20,25961.095678605423,13027.984453793862,38931.818616299424
2011-09-21,26107.499925751148,13503.65886442433,39724.56991557081
2011-09-22,30229.796344186805,17548.838460396222,43706.543252234194
2011-09-23,24464.45382150967,11718.59096982731,37067.18054263469
2011-09-25,20193.96602295187,7594.962255118349,32913.90267169118
2011-09-26,29656.586790349284,16500.139623530995,43282.561635692386
2011-09-27,29612.943642253715,17023.105072865743,43581.103473697294
2011-09-28,29058.45068259311,15555.783622170477,41044.926699432646
2011-09-29,32450.866411713192,19705.330051803143,45315.19282967094
2011-09-30,25943.16038337796,12853.970516813415,38221.4552676322
2011-10-02,20216.551705178674,6898.082578675568,33654.65466324576
2011-10-03,28997.188952703655,15913.507352091241,42751.22617767631
2011-10-04,28321.811515407473,15813.177319723802,42158.46435311554
2011-10-05,27198.682399714024,13801.357608930382,39647.219541455146
2011-10-06,30096.577696804048,17430.427634600503,42689.49562199451
2011-10-07,23177.38671858216,9802.354545806578,36948.12381677884
2011-10-09,16900.930228095,3315.0748254480936,29043.630102143852
2011-10-10,25549.02661427633,11715.320424509015,39154.68018470258
2011-10-11,24835.714982317193,12399.408093478738,38261.81461616762
2011-10-12,23765.943545363778,11338.199870639313,36908.31891714374
2011-10-13,26802.862937591846,13271.42333531792,40759.28971187421
2011-10-14,20100.62832994305,7486.288543042362,33078.490530692194
2011-10-16,14452.01004813033,1535.071159490844,27613.959636248394
2011-10-17,23487.555079341182,10314.772793418739,36245.484389738245
2011-10-18,23193.489029036675,9247.990591102518,35507.28621635403
2011-10-19,22561.232427755014,10827.626332877058,36598.71825519552
2011-10-20,26040.40623127755,13898.067134768515,38737.2246556068
2011-10-21,19772.035531481655,6791.92773192638,32230.445030436582
2011-10-23,14917.731365040703,1475.0008711121204,26580.5318993515
2011-10-24,24292.775324889277,10539.213174469056,36986.47092133912
2011-10-25,24288.502575104863,11455.232869373542,37817.7486380941
2011-10-26,23890.257491069646,11973.181350162766,37497.61321029182
2011-10-27,27543.67826891408,15614.367769499271,40574.84349193176
2011-10-28,21387.985502203046,8269.787930844645,34928.326465245846
2011-10-30,16578.029524482812,4454.075803205355,30595.520575225673
2011-10-31,25891.824588200816,13092.171379895615,39387.17647899461
2011-11-01,25778.59020690365,11782.127438590873,39274.92358410763
2011-11-02,25231.649485881855,11774.75378556286,39473.8728731407
2011-11-03,28705.91938785331,16076.279070649589,41861.24602298943
2011-11-04,22350.865022037266,8953.352280363262,35433.23049814542
2011-11-06,17125.14859086722,3417.9098273401414,29821.468078384005
2011-11-07,26244.48747829783,14395.74550373517,39263.3358593562
2011-11-08,25959.690031157206,12785.711649569012,38436.14875965681
2011-11-09,25273.4573214676,11668.862880065179,38471.64639191946
2011-11-10,28648.802221550774,15925.773524044622,41959.46421743078
2011-11-11,22241.699078195023,9716.540448345702,34680.160926068274
2011-11-13,17069.14076162926,4378.890751814825,29604.412675804248
2011-11-14,26296.76414166804,14469.90179973384,39453.42253734266
2011-11-15,26173.082889427576,14023.776488746596,38899.57605275286
2011-11-16,25696.77485166031,12842.292238942422,38687.521422326034
2011-11-17,29324.67390223555,17092.839904017375,41823.08029185507
2011-11-18,23204.568737770525,10603.923945903629,36533.84682803082
2011-11-20,18667.920125219665,6297.9877246571605,31059.666749625623
2011-11-21,28220.294727117707,15778.466608467334,41061.34713510481
2011-11-22,28408.194040215763,14721.225746930966,42005.201994668125
2011-11-23,28216.42058326557,16535.879629025574,41454.32591463089
2011-11-24,32087.966222729425,18531.629285823918,45003.00275069553
2011-11-25,26157.250945861007,12962.227427025353,39274.04271484276
2011-11-27,21788.103214257862,9163.267992064504,34780.25884759748
2011-11-28,31298.045117847818,17567.50998209354,44695.41930172786
2011-11-29,31348.90482347369,17835.66122631611,45324.797005557106
2011-11-30,30920.498465649624,19122.46488360288,44724.83504081981
2011-12-01,34453.42532235014,21903.987502503813,47607.07663120905
2011-12-02,28082.46961392936,14787.604695300253,40736.54945091108
2011-12-04,22543.66054414402,10108.93037449059,35814.067578849135
2011-12-05,31339.079077838614,17989.31538774555,45062.51255781451
2011-12-06,30603.361336930047,17843.72966203335,43822.56331392869
2011-12-07,29330.17815528122,15478.528959847908,42960.79489086279
2011-12-08,31976.073353334734,18853.41923874108,44108.25645044758
2011-12-09,24693.498045737164,11949.98455580036,37148.93824989709
2011-12-10,586.5063087490744,-12697.52823548537,13706.056047826663
2011-12-11,17334.385783629554,5003.745017730195,30597.021591277415
2011-12-12,25261.055168557446,12312.076275212276,38642.55563072464
2011-12-13,23710.85429308001,10615.913466519294,36223.56196657113
2011-12-14,21696.704175968054,8857.108560988328,34499.95333922262
2011-12-15,23693.185354785728,10856.429219339974,36646.61882135836
2011-12-16,15869.085572684828,1850.0087900787546,29002.665301085188
2011-12-17,-8657.35338090971,-21335.628358122038,4885.811148668046
2011-12-18,7804.796566204477,-4644.876941801362,21814.47834944093
2011-12-19,15588.210726642537,1844.655673909203,28082.433973637715
2011-12-20,14042.836776167744,760.4792276687141,26187.078011805614
2011-12-21,12183.869289528711,-711.8075021062127,25466.47838965162
2011-12-22,14484.7276914885,2514.917568558116,27837.234330799616
2011-12-23,7109.59211734851,-5362.862862809655,19663.258532423813
2011-12-24,-16831.272019301658,-29701.927254919854,-4265.098295905482
2011-12-25,341.8840387636428,-13029.089082635182,13742.85204439914
2011-12-26,8947.603413601393,-4237.563312325694,22372.620556979087
2011-12-27,8319.076820145048,-4810.181139508983,21091.78000994408
2011-12-28,7452.5149031950095,-5361.79804711092,20509.884208666477
2011-12-29,10800.583400091537,-2078.055371853406,23781.810291910522
2011-12-30,4505.443687780313,-8768.311046324792,16735.41811799127
2011-12-31,-18345.383756765546,-31643.844624883357,-4302.672045865458
2012-01-01,-95.06242264672437,-12053.937771426026,12179.139212426193
2012-01-02,9552.435293581322,-3119.2426074857467,21592.906449138733
2012-01-03,9908.73555126114,-3097.046615659467,23285.144641948467
2012-01-04,9949.96511089063,-2072.995719633323,23447.35897667077
2012-01-05,14110.677608548223,2384.521179047989,26895.48094551411
2012-01-06,8517.33358953807,-3734.0498638226563,21097.827360099116
2012-01-07,-13755.459794322456,-27255.8351300086,-1167.5345555968272
2012-01-08,4939.311233625056,-8110.668784766299,17675.639154504715
